,AGE_T_x,S0287,T0080,EARNALL,T0329,T0333,T0159,T0156,TOTEXPER_x
AGE_T_x,1.0,0.01431192182658334,-0.2404840472021869,0.41217892443802273,0.04560378386999184,-0.02388000430500779,-0.055743148122705505,0.022415010184010653,-0.7059040788777415
S0287,0.01431192182658334,1.0,0.040368006594511494,-0.0809375576939897,0.10551556634321967,-0.032684327745913434,-0.04186545703554033,-0.03312334679175886,0.025333187904829656
T0080,-0.2404840472021869,0.040368006594511494,1.0,-0.36887119471695284,-0.007245363312766493,0.007918776396720483,0.045443513422311926,-0.06853545177917442,0.30577913816381574
EARNALL,0.41217892443802273,-0.0809375576939897,-0.36887119471695284,1.0,0.015813101768735453,-0.017700149824327795,-0.06970341246541441,0.070195979679672,-0.5411896715755562
T0329,0.04560378386999184,0.10551556634321967,-0.007245363312766493,0.015813101768735453,1.0,0.46139524013345945,-0.100185244438609,-0.049070974269934065,-0.012243191653504595
T0333,-0.02388000430500779,-0.032684327745913434,0.007918776396720483,-0.017700149824327795,0.46139524013345945,1.0,-0.05693418714226455,-0.004351291046960585,0.018218680281415076
T0159,-0.055743148122705505,-0.04186545703554033,0.045443513422311926,-0.06970341246541441,-0.100185244438609,-0.05693418714226455,1.0,-0.1393028725648673,0.05113853226757566
T0156,0.022415010184010653,-0.03312334679175886,-0.06853545177917442,0.070195979679672,-0.049070974269934065,-0.004351291046960585,-0.1393028725648673,1.0,-0.02909133817574195
TOTEXPER_x,-0.7059040788777415,0.025333187904829656,0.30577913816381574,-0.5411896715755562,-0.012243191653504595,0.018218680281415076,0.05113853226757566,-0.02909133817574195,1.0
