,AGE_T_x,S0287,T0080,EARNALL,T0329,T0333,T0159,T0156,TOTEXPER_x
AGE_T_x,1.0,-0.04258921178332529,-0.3373385525833126,0.43507821769799476,0.028629890193573933,-0.014283561088276999,0.07823980542157437,-0.05666403276084032,-0.7016819461802507
S0287,-0.04258921178332529,1.0,0.10337462860271793,-0.15999903649678257,0.06271617410911266,-0.1321491644306266,-0.05104487108594961,-0.0019511161983374852,0.10195006108313769
T0080,-0.3373385525833126,0.10337462860271793,1.0,-0.38391039247441294,0.01619961619164916,-0.031981756105955876,-0.035428832682800865,-0.015463867376651891,0.3676422637203842
EARNALL,0.43507821769799476,-0.15999903649678257,-0.38391039247441294,1.0,-0.02129944821617275,-0.023787990306258746,0.05675052876096601,0.024300050919705066,-0.5626617354741281
T0329,0.028629890193573933,0.06271617410911266,0.01619961619164916,-0.02129944821617275,1.0,0.32236279321792644,-0.07545910692173831,-0.04414346834320737,0.016951489008698455
T0333,-0.014283561088276999,-0.1321491644306266,-0.031981756105955876,-0.023787990306258746,0.32236279321792644,1.0,-0.037385112921113774,-0.012715172195049522,-0.026312932666783466
T0159,0.07823980542157437,-0.05104487108594961,-0.035428832682800865,0.05675052876096601,-0.07545910692173831,-0.037385112921113774,1.0,-0.15830617970010988,-0.0889562857379728
T0156,-0.05666403276084032,-0.0019511161983374852,-0.015463867376651891,0.024300050919705066,-0.04414346834320737,-0.012715172195049522,-0.15830617970010988,1.0,0.037142912623159274
TOTEXPER_x,-0.7016819461802507,0.10195006108313769,0.3676422637203842,-0.5626617354741281,0.016951489008698455,-0.026312932666783466,-0.0889562857379728,0.037142912623159274,1.0
